config,family,task_key,control,model,n_pca,n_reupload,num_memory,shots,total_time,arm,mean,std,n,sem
negative_controls,classification,digits:all,none,IAA_LOCALIZED,16.0,1.0,4,0,0.2,logistic,0.9395061728395061,0.005657500857970154,3,0.0032663596432896077
negative_controls,classification,digits:all,none,IAA_LOCALIZED,16.0,1.0,4,0,0.2,majority,0.10185185185185185,0.0,3,0.0
negative_controls,classification,digits:all,none,IAA_LOCALIZED,16.0,1.0,4,0,0.2,quantum,0.9358024691358025,0.00213833433033195,3,0.0012345679012345696
negative_controls,classification,digits:all,none,IAA_LOCALIZED,16.0,1.0,4,0,0.2,random_unitary,0.95679012345679,0.014021995915556201,3,0.008095603116422207
negative_controls,classification,digits:all,none,IAA_LOCALIZED,16.0,1.0,4,0,0.2,rbf_svm,0.9598765432098766,0.006503489970896734,3,0.003754791685369261
negative_controls,classification,digits:all,none,IAA_LOCALIZED,16.0,1.0,4,0,0.2,rff,0.9635802469135802,0.00565750085797023,3,0.003266359643289651
negative_controls,classification,digits:all,none,XXZ,16.0,1.0,4,0,0.2,logistic,0.9395061728395061,0.005657500857970151,3,0.0032663596432896055
negative_controls,classification,digits:all,none,XXZ,16.0,1.0,4,0,0.2,majority,0.10185185185185185,0.0,3,0.0
negative_controls,classification,digits:all,none,XXZ,16.0,1.0,4,0,0.2,quantum,0.9407407407407407,0.0066769468064147965,3,0.003854937036048395
negative_controls,classification,digits:all,none,XXZ,16.0,1.0,4,0,0.2,random_unitary,0.95679012345679,0.0140219959155562,3,0.008095603116422205
negative_controls,classification,digits:all,none,XXZ,16.0,1.0,4,0,0.2,rbf_svm,0.9598765432098766,0.006503489970896791,3,0.0037547916853692942
negative_controls,classification,digits:all,none,XXZ,16.0,1.0,4,0,0.2,rff,0.9635802469135802,0.0056575008579701986,3,0.003266359643289633
negative_controls,classification,source:W16n1000,none,IAA_LOCALIZED,16.0,1.0,4,0,0.2,logistic,0.29777777777777775,0.03780738219115612,3,0.02182810228541905
negative_controls,classification,source:W16n1000,none,IAA_LOCALIZED,16.0,1.0,4,0,0.2,majority,0.25,0.0,3,0.0
negative_controls,classification,source:W16n1000,none,IAA_LOCALIZED,16.0,1.0,4,0,0.2,quantum,0.7638888888888888,0.00965852147261875,3,0.005576349972190216
negative_controls,classification,source:W16n1000,none,IAA_LOCALIZED,16.0,1.0,4,0,0.2,random_unitary,0.8574999999999999,0.013017082793177785,3,0.00751541625470484
negative_controls,classification,source:W16n1000,none,IAA_LOCALIZED,16.0,1.0,4,0,0.2,rbf_svm,0.8716666666666666,0.01816207893141949,3,0.010485881160098272
negative_controls,classification,source:W16n1000,none,IAA_LOCALIZED,16.0,1.0,4,0,0.2,rff,0.8477777777777779,0.035102363537601405,3,0.020266359037626278
negative_controls,classification,source:W16n1000,none,XXZ,16.0,1.0,4,0,0.2,logistic,0.29777777777777775,0.037807382191156126,3,0.021828102285419055
negative_controls,classification,source:W16n1000,none,XXZ,16.0,1.0,4,0,0.2,majority,0.25,0.0,3,0.0
negative_controls,classification,source:W16n1000,none,XXZ,16.0,1.0,4,0,0.2,quantum,0.773888888888889,0.004738533919231093,3,0.002735793833832244
negative_controls,classification,source:W16n1000,none,XXZ,16.0,1.0,4,0,0.2,random_unitary,0.8574999999999999,0.01301708279317781,3,0.007515416254704854
negative_controls,classification,source:W16n1000,none,XXZ,16.0,1.0,4,0,0.2,rbf_svm,0.8716666666666666,0.018162078931419485,3,0.01048588116009827
negative_controls,classification,source:W16n1000,none,XXZ,16.0,1.0,4,0,0.2,rff,0.8477777777777779,0.03510236353760137,3,0.020266359037626257
